{
  "c5_mrr": 0.5,
  "c5_p_at_5": 1.0,
  "c7_mrr": 0.6666666666666666,
  "c8_precision": 0.3333333333333333,
  "c8_recall": 1.0,
  "c12_recall": 0.75,
  "c12_bytes": 1001
}
